{
  "marketing_stripe": {
    "text": "10% DO VALOR GASTO É CONVERTIDO EM CASHBACK PARA SUA PROXIMA COMPRA!",
    "link": "https://www.instagram.com/reel/Cn8HQ-6jrIc/?igshid=YmMyMTA2M2Y%3D",
    "background": "#ff00fa",
    "color": "#110808"
  },
  "contacts_stripe": {
    "pages": [
      {}
    ],
    "phone_wpp": true,
    "socials": false
  },
  "categories_list": {
    "featured": [],
    "random": 10,
    "full_width": true
  },
  "desktop_megamenu": true,
  "search_input": true,
  "alphabetical_order_submenu": true,
  "full_width_submenu": false,
  "centralized_logo": true
}