{
  "meta_title": "",
  "meta_description": "",
  "sections": [
    {
      "type": "banner-slider",
      "autoplay": 9000,
      "full_width": true,
      "slides": [
        {
          "start": "",
          "end": "",
          "img": "/img/uploads/whatsapp-image-2023-07-03-at-20.53.27-1-.jpeg",
          "link": "https://primasplus.com.br/oportunidades"
        },
        {
          "start": "",
          "end": "",
          "img": "/img/uploads/imagem_2023-07-02_130431147.png",
          "link": "https://primasplus.com.br/bruna-rego"
        },
        {
          "start": "",
          "end": "",
          "img": "/img/uploads/imagem_2023-06-22_192056714.png",
          "link": "https://primasplus.com.br/moda-fitness"
        },
        {
          "start": "",
          "end": "",
          "img": "/img/uploads/imagem_2023-04-06_192734415.png",
          "mobile_img": "",
          "link": "https://www.instagram.com/reel/Cn8HQ-6jrIc/?igshid=YmMyMTA2M2Y="
        }
      ]
    },
    {
      "type": "info-bar",
      "enabled": true
    },
    {
      "type": "custom-html",
      "html": "<div class=\"list-variations\">\n<h4>Compre por tamanhos</h4>\n<ul>\n   <li><a href=\"/search?filters[]=tamanho:44\">44</a></li>\n   <li> <a href=\"/search?filters[]=tamanho:46\">46</a></li>\n   <li> <a href=\"/search?filters[]=tamanho:48\">48</a></li>\n   <li> <a href=\"/search?filters[]=tamanho:50\">50</a></li>\n   <li> <a href=\"/search?filters[]=tamanho:52\">52</a></li>\n   <li> <a href=\"/search?filters[]=tamanho:54\">54</a></li> \n</ul>\n<div>"
    },
    {
      "type": "collection-shelf",
      "shuffle": false,
      "limit": 24,
      "page": 1,
      "sort": "news",
      "title": "NOVIDADES",
      "collection_id": null
    },
    {
      "type": "collection-shelf",
      "shuffle": true,
      "limit": 24,
      "page": 1,
      "sort": "news",
      "title": "PRÉ-VENDA",
      "collection_id": "63cea1c6b9e5be07784284b0:categories:PRÉ-VENDA:/prevenda"
    },
    {
      "type": "banner-slider",
      "autoplay": 9000,
      "full_width": true,
      "slides": [
        {
          "start": "",
          "end": "",
          "img": "/img/uploads/imagem_2023-02-28_162625930.png"
        }
      ]
    },
    {
      "type": "brands-carousel",
      "limit": 24,
      "offset": 0
    },
    {
      "type": "breadcrumbs",
      "enabled": true
    },
    {
      "type": "page-title"
    },
    {
      "type": "dynamic-showcase",
      "load_more": false,
      "sort": "news"
    },
    {
      "type": "custom-html",
      "html": "<script src=\"https://www.mercadopago.com/v2/security.js\" view=\"home\"></script>"
    }
  ]
}